{"cameraMode":{"drawMode":0,"name":"Shaded","section":"Shading Mode"},"sceneLighting":false,"audioPlay":false,"sceneViewState":{"m_AlwaysRefresh":false,"showFog":true,"showSkybox":false,"showFlares":true,"showImageEffects":true,"showParticleSystems":true,"showVisualEffectGraphs":true,"m_FxEnabled":true},"in2DMode":false,"pivot":{"x":1.897568941116333,"y":0.22788143157958985,"z":1.9585996866226197},"rotation":{"x":0.2839163541793823,"y":0.2356206178665161,"z":-0.07219327241182327,"w":0.9266467690467835},"size":0.31895920634269717,"orthographic":false}