{"cameraMode":{"drawMode":0,"name":"Shaded","section":"Shading Mode"},"sceneLighting":false,"audioPlay":false,"sceneViewState":{"m_AlwaysRefresh":false,"showFog":true,"showSkybox":false,"showFlares":true,"showImageEffects":true,"showParticleSystems":true,"showVisualEffectGraphs":true,"m_FxEnabled":true},"in2DMode":false,"pivot":{"x":0.020794516429305078,"y":-0.3489471673965454,"z":2.330002546310425},"rotation":{"x":0.5251466035842896,"y":0.005106007214635611,"z":-0.0031509166583418848,"w":0.8509907126426697},"size":1.5649880170822144,"orthographic":false}